Абрамов Роберт,2012-01-01,Воткинск
Абрамов Александр,1916-01-01,Домодедово
Абрамов Илья,1912-01-01,Севастополь
Абрамов Даниил,1918-01-01,Ржев
Абрамов Лев,2007-01-01,Когалым
Абрамов Игорь,2009-01-01,Дзержинск
Абрамов Никита,1981-01-01,Балашов
Абрамов Юрий,1935-01-01,Серпухов
Абрамов Егор,1962-01-01,Ногинск
Абрамов Всеволод,1906-01-01,Новомосковск
Абрамов Демид,1928-01-01,Обнинск
Абрамов Александр,1915-01-01,Омск
Абрамов Лука,1916-01-01,Лесосибирск
Абрамов Дмитрий,1986-01-01,Хасавюрт
Абрамов Александр,1923-01-01,Красноярск
Абрамов Иван,2002-01-01,Барнаул
Абрамов Лука,1986-01-01,Магадан
Абрамов Георгий,1994-01-01,Волжск
Абрамов Александр,1946-01-01,Энгельс
Абрамов Ярослав,1968-01-01,Севастополь
Абрамов Платон,1930-01-01,Искитим
Абрамов Тимофей,1909-01-01,Лиски
Абрамов Мирослав,2000-01-01,Челябинск
Абрамов Кирилл,1975-01-01,Елец
Абрамов Евгений,1964-01-01,Междуреченск
Абрамов Александр,1976-01-01,Верхняя Пышма
Абрамов Роман,1994-01-01,Ленинск-Кузнецкий
Абрамов Антон,1973-01-01,Ижевск
Абрамов Николай,1945-01-01,Красноярск
Абрамов Андрей,1980-01-01,Южно-Сахалинск
Абрамов Савва,1932-01-01,Томск
Абрамов Дмитрий,2008-01-01,Бузулук
Абрамов Артём,2007-01-01,Комсомольск-на-Амуре
Абрамов Егор,2012-01-01,Ишим
Абрамов Богдан,1980-01-01,Свободный
Абрамов Тимофей,1920-01-01,Геленджик
Абрамов Кирилл,1931-01-01,Бийск
Абрамов Владимир,1946-01-01,Борисоглебск
Абрамов Никита,1946-01-01,Калуга
Абрамов Кирилл,2007-01-01,Евпатория
Абрамов Александр,1920-01-01,Юрга
Абрамов Артемий,1936-01-01,Мичуринск
Абрамов Никита,1992-01-01,Клинцы
Абрамов Григорий,1910-01-01,Ковров
Абрамов Даниил,1922-01-01,Люберцы
Абрамов Иван,1955-01-01,Сосновый Бор
Абрамов Константин,1927-01-01,Дубна
Абрамов Тихон,1933-01-01,Нижневартовск
Абрамов Максим,1911-01-01,Новокузнецк
Абрамов Матвей,1928-01-01,Раменское
Абрамов Богдан,1908-01-01,Кириши
Абрамов Михаил,1958-01-01,Раменское
Абрамов Георгий,2006-01-01,Лысьва
Абрамов Михаил,2013-01-01,Киселевск
Абрамов Тимофей,1963-01-01,Сургут
Абрамов Александр,1905-01-01,Вологда
Абрамов Тимур,1912-01-01,Анапа
Абрамов Артём,1959-01-01,Лесосибирск
Абрамов Роман,1986-01-01,Красногорск
Абрамов Илья,1952-01-01,Жуковский
Абрамов Елисей,1977-01-01,Чита
Абрамов Лев,1962-01-01,Новоуральск
Абрамов Константин,1997-01-01,Геленджик
Абрамов Иван,1980-01-01,Волгодонск
Абрамов Николай,1924-01-01,Красноярск
Абрамов Георгий,1951-01-01,Дмитров
Абрамов Александр,1938-01-01,Гатчина
Абрамов Вячеслав,1926-01-01,Красногорск
Абрамов Тихон,1985-01-01,Липецк
Абрамов Даниил,1969-01-01,Черкесск
Абрамов Пётр,1989-01-01,Белогорск (Амурская область)
Абрамов Михаил,1911-01-01,Орехово-Зуево
Абрамов Степан,2007-01-01,Махачкала
Абрамов Всеволод,1943-01-01,Кумертау
Абрамов Антон,1952-01-01,Бийск
Абрамов Тимофей,1963-01-01,Тула
Абрамов Артём,2009-01-01,Россошь
Абрамов Ярослав,1968-01-01,Минусинск
Абрамов Егор,1922-01-01,Копейск
Абрамов Иван,1951-01-01,Кумертау
Абрамов Ярослав,1906-01-01,Белорецк
Абрамов Александр,1985-01-01,Ставрополь
Абрамов Семён,1991-01-01,Каспийск
Абрамов Арсений,1971-01-01,Тихорецк
Абрамов Александр,1940-01-01,Кузнецк
Абрамов Елисей,1967-01-01,Тихорецк
Абрамов Матвей,1928-01-01,Ставрополь
Абрамов Андрей,1929-01-01,Ачинск
Абрамов Арсений,1926-01-01,Донской
Абрамов Дмитрий,1912-01-01,Выборг
Абрамов Евгений,1923-01-01,Железногорск (Красноярский край)
Абрамов Михаил,1963-01-01,Арзамас
Абрамов Максим,1943-01-01,Санкт-Петербург
Абрамов Никита,2013-01-01,Ставрополь
Абрамов Андрей,1906-01-01,Златоуст
Абрамов Николай,1938-01-01,Казань
Абрамов Лев,2004-01-01,Биробиджан
Абрамов Матвей,1975-01-01,Альметьевск
Абрамов Михаил,1908-01-01,Горно-Алтайск
Абрамов Дмитрий,2003-01-01,Бор